<?xml version="1.0" encoding="UTF-8"?>
<semanticLayerDataSource exportedWithPermissions="false">
    <folder>/organizations/organization_1/Domains</folder>
    <name>BR_Annual_Summary</name>
    <version>8</version>
    <label>BR_Annual_Summary</label>
    <creationDate>2020-11-20T18:18:02.513Z</creationDate>
    <updateDate>2020-11-20T21:35:25.944Z</updateDate>
    <schema>
        <localResource
            xmlns:xsi="http://www.w3.org/2001/XMLSchema-instance"
            exportedWithPermissions="false" dataFile="schema.data" xsi:type="fileResource">
            <folder>/organizations/organization_1/Domains/BR_Annual_Summary_files</folder>
            <name>schema</name>
            <version>8</version>
            <label>schema</label>
            <description>schema</description>
            <creationDate>2020-11-20T18:18:02.513Z</creationDate>
            <updateDate>2020-11-20T18:18:02.513Z</updateDate>
            <fileType>xml</fileType>
        </localResource>
    </schema>
    <dataSource>
        <alias>AIM_Dev2_DB</alias>
        <dataSourceReference>
            <uri>/organizations/organization_1/datasources/AIM_Dev2_DB</uri>
        </dataSourceReference>
    </dataSource>
</semanticLayerDataSource>
