<?xml version="1.0" encoding="UTF-8"?>
<export><property name="keyalias" value="4d58e212-2f0a-4a58-a915-274ede392eea"/><module id="repositoryResources"><resource>/organizations/organization_1/reports/BR_Annual_Summary_Pie_Chart_Report</resource></module><property name="pathProcessorId" value="zip"/><property name="rootTenantId" value="organizations"/><property name="jsVersion" value="7.5.0 PRO"/><property name="encrypted" value="4A52534956000000109D64A1778FC294C000677A255BE4C74305FA734CA6D90CECEFA1C2E7DDC8379E"/></export>