<?xml version="1.0" encoding="UTF-8"?>
<adhocDataView exportedWithPermissions="false">
    <folder>/organizations/organization_1/adhoc</folder>
    <name>Ad_Hoc_View</name>
    <version>17</version>
    <label>BR_Annual_Summary_Pie Chart</label>
    <description></description>
    <creationDate>2020-11-24T14:24:26.918Z</creationDate>
    <updateDate>2020-11-30T14:19:38.708Z</updateDate>
    <dataSource>
        <uri>/organizations/organization_1/Domains/BR_Annual_Summary</uri>
    </dataSource>
    <inputControl>
        <localResource
            xmlns:xsi="http://www.w3.org/2001/XMLSchema-instance"
            exportedWithPermissions="false" xsi:type="inputControl">
            <folder>/organizations/organization_1/adhoc/Ad_Hoc_View_files</folder>
            <name>Cert_Year_1</name>
            <version>1</version>
            <label>Select Year</label>
            <creationDate>2020-11-30T14:19:38.708Z</creationDate>
            <updateDate>2020-11-30T14:19:38.708Z</updateDate>
            <type>4</type>
            <mandatory>false</mandatory>
            <readOnly>false</readOnly>
            <visible>true</visible>
            <query>
                <localResource exportedWithPermissions="false" xsi:type="query">
                    <folder>/organizations/organization_1/adhoc/Ad_Hoc_View_files/Cert_Year_1_files</folder>
                    <name>Cert_Year_1</name>
                    <version>0</version>
                    <label>Select Year</label>
                    <creationDate>2020-11-30T14:19:38.708Z</creationDate>
                    <updateDate>2020-11-30T14:19:38.708Z</updateDate>
                    <language>domain</language>
                    <queryString>&lt;?xml version="1.0" encoding="UTF-8"?&gt;
&lt;query xmlns="http://www.jaspersoft.com/2007/SL/XMLSchema"&gt;
  &lt;groupList&gt;
    &lt;group columnName="Cert_Year" id="Cert_Year" /&gt;
  &lt;/groupList&gt;
  &lt;queryFields&gt;
    &lt;queryField id="Cert_Year" /&gt;
  &lt;/queryFields&gt;
  &lt;sortList&gt;
    &lt;sortColumn columnName="Cert_Year" /&gt;
  &lt;/sortList&gt;
&lt;/query&gt;

</queryString>
                    <dataSource>
                        <uri>/organizations/organization_1/Domains/BR_Annual_Summary</uri>
                    </dataSource>
                </localResource>
            </query>
            <queryVisibleColumn>Cert_Year</queryVisibleColumn>
            <queryValueColumn>Cert_Year</queryValueColumn>
        </localResource>
    </inputControl>
    <inputControl>
        <localResource
            xmlns:xsi="http://www.w3.org/2001/XMLSchema-instance"
            exportedWithPermissions="false" xsi:type="inputControl">
            <folder>/organizations/organization_1/adhoc/Ad_Hoc_View_files</folder>
            <name>Status_1</name>
            <version>1</version>
            <label>Status</label>
            <creationDate>2020-11-30T14:19:38.708Z</creationDate>
            <updateDate>2020-11-30T14:19:38.708Z</updateDate>
            <type>7</type>
            <mandatory>false</mandatory>
            <readOnly>false</readOnly>
            <visible>true</visible>
            <query>
                <localResource exportedWithPermissions="false" xsi:type="query">
                    <folder>/organizations/organization_1/adhoc/Ad_Hoc_View_files/Status_1_files</folder>
                    <name>Status_1</name>
                    <version>0</version>
                    <label>Status</label>
                    <creationDate>2020-11-30T14:19:38.708Z</creationDate>
                    <updateDate>2020-11-30T14:19:38.708Z</updateDate>
                    <language>domain</language>
                    <queryString>&lt;?xml version="1.0" encoding="UTF-8"?&gt;
&lt;query xmlns="http://www.jaspersoft.com/2007/SL/XMLSchema"&gt;
  &lt;groupList&gt;
    &lt;group columnName="Status" id="Status" /&gt;
  &lt;/groupList&gt;
  &lt;queryFields&gt;
    &lt;queryField id="Status" /&gt;
  &lt;/queryFields&gt;
  &lt;sortList&gt;
    &lt;sortColumn columnName="Status" /&gt;
  &lt;/sortList&gt;
&lt;/query&gt;

</queryString>
                    <dataSource>
                        <uri>/organizations/organization_1/Domains/BR_Annual_Summary</uri>
                    </dataSource>
                </localResource>
            </query>
            <queryVisibleColumn>Status</queryVisibleColumn>
            <queryValueColumn>Status</queryValueColumn>
        </localResource>
    </inputControl>
    <inputControl>
        <localResource
            xmlns:xsi="http://www.w3.org/2001/XMLSchema-instance"
            exportedWithPermissions="false" xsi:type="inputControl">
            <folder>/organizations/organization_1/adhoc/Ad_Hoc_View_files</folder>
            <name>User_Name_1</name>
            <version>1</version>
            <label>Users contains</label>
            <creationDate>2020-11-30T14:19:38.708Z</creationDate>
            <updateDate>2020-11-30T14:19:38.708Z</updateDate>
            <type>2</type>
            <mandatory>false</mandatory>
            <readOnly>false</readOnly>
            <visible>true</visible>
            <dataType>
                <localResource exportedWithPermissions="false" xsi:type="dataType">
                    <folder>/organizations/organization_1/adhoc/Ad_Hoc_View_files/User_Name_1_files</folder>
                    <name>text</name>
                    <version>0</version>
                    <label>Text</label>
                    <creationDate>2020-11-30T14:19:38.708Z</creationDate>
                    <updateDate>2020-11-30T14:19:38.708Z</updateDate>
                    <type>1</type>
                    <strictMin>false</strictMin>
                    <strictMax>false</strictMax>
                </localResource>
            </dataType>
        </localResource>
    </inputControl>
    <resource>
        <localResource
            xmlns:xsi="http://www.w3.org/2001/XMLSchema-instance"
            exportedWithPermissions="false" dataFile="topicJRXML.data" xsi:type="fileResource">
            <folder>/organizations/organization_1/adhoc/Ad_Hoc_View_files</folder>
            <name>topicJRXML</name>
            <version>1</version>
            <label>topicJRXML</label>
            <creationDate>2020-11-30T14:19:38.708Z</creationDate>
            <updateDate>2020-11-30T14:19:38.708Z</updateDate>
            <fileType>jrxml</fileType>
        </localResource>
    </resource>
    <resource>
        <localResource
            xmlns:xsi="http://www.w3.org/2001/XMLSchema-instance"
            exportedWithPermissions="false" dataFile="stateXML.data" xsi:type="fileResource">
            <folder>/organizations/organization_1/adhoc/Ad_Hoc_View_files</folder>
            <name>stateXML</name>
            <version>1</version>
            <label>stateXML</label>
            <creationDate>2020-11-30T14:19:38.708Z</creationDate>
            <updateDate>2020-11-30T14:19:38.708Z</updateDate>
            <fileType>xml</fileType>
        </localResource>
    </resource>
    <reports>
        <localResource
            xmlns:xsi="http://www.w3.org/2001/XMLSchema-instance"
            exportedWithPermissions="false" xsi:type="reportUnit">
            <folder>/organizations/organization_1/adhoc/Ad_Hoc_View_files</folder>
            <name>dashboardReport</name>
            <version>1</version>
            <label>dashboardReport</label>
            <creationDate>2020-11-30T14:19:38.708Z</creationDate>
            <updateDate>2020-11-30T14:19:38.708Z</updateDate>
            <mainReport>
                <localResource exportedWithPermissions="false"
                    dataFile="mainReportJrxml.data" xsi:type="fileResource">
                    <folder>/organizations/organization_1/adhoc/Ad_Hoc_View_files/dashboardReport_files</folder>
                    <name>mainReportJrxml</name>
                    <version>0</version>
                    <label>mainReportJrxml</label>
                    <creationDate>2020-11-30T14:19:38.708Z</creationDate>
                    <updateDate>2020-11-30T14:19:38.708Z</updateDate>
                    <fileType>jrxml</fileType>
                </localResource>
            </mainReport>
            <resource>
                <localResource exportedWithPermissions="false"
                    dataFile="stateXML.data" xsi:type="fileResource">
                    <folder>/organizations/organization_1/adhoc/Ad_Hoc_View_files/dashboardReport_files</folder>
                    <name>stateXML</name>
                    <version>0</version>
                    <label>stateXML</label>
                    <creationDate>2020-11-30T14:19:38.708Z</creationDate>
                    <updateDate>2020-11-30T14:19:38.708Z</updateDate>
                    <fileType>xml</fileType>
                </localResource>
            </resource>
            <alwaysPromptControls>false</alwaysPromptControls>
            <controlsLayout>1</controlsLayout>
        </localResource>
    </reports>
    <alwaysPromptControls>false</alwaysPromptControls>
    <controlsLayout>1</controlsLayout>
</adhocDataView>
